statistics_accidents_on_road,coating_humidity,quality_coating,traffic_congestion,width_road,allowed_max_speed,allowed_min_speed,turns_route,tangles_turns_on_route,has_marking_applied,confidence_on_road,driving_experience,age,total_traffic_violations,total_offenses,number_accidents,marginality_population,wind_direction,wind_speed,accident_occurred
0.29,0.01,0.6,0.68,9,100,0,7,"[41, 13, 87, 37, 79, 85, 50]",False,0.95,7,56,0,2,1,0.15,left,12,1
0.32,0.24,0.82,0.21,10,60,0,3,"[76, 40, 78]",False,0.93,27,20,2,0,2,0.48,right,2,1
0.12,0.04,0.82,0.43,7,80,0,10,"[40, 78, 90, 70, 33, 67, 23, 44, 10, 57]",False,0.93,17,40,6,2,0,0.31,front,15,1
0.21,0.54,0.86,0.79,10,60,0,5,"[79, 25, 85, 14, 58]",False,0.89,30,40,5,1,4,0.38,front,12,1
0.4,0.43,0.79,0.17,9,60,0,4,"[69, 11, 42, 33]",False,0.8,12,49,6,1,1,0.04,front,1,1
0.25,0.06,0.72,0.61,6,120,0,4,"[84, 38, 61, 65]",False,0.75,1,34,8,0,4,0.29,left,4,1
0.32,0.11,0.74,0.7,9,80,0,4,"[20, 80, 10, 87]",True,0.79,14,57,3,1,5,0.02,front,9,1
0.17,0.35,0.62,0.22,9,60,0,6,"[60, 27, 43, 9, 58, 57]",True,0.95,29,30,5,2,2,0.01,forward,6,0
0.32,0.38,0.89,0.69,10,120,0,7,"[21, 39, 32, 10, 24, 8, 68]",True,0.75,8,54,10,3,4,0.29,right,3,1
0.46,0.4,0.71,0.36,9,60,0,4,"[39, 41, 59, 8]",False,0.58,23,35,0,0,3,0.0,after,11,1
0.11,0.32,0.98,0.53,6,50,0,6,"[21, 84, 42, 53, 57, 70]",False,0.66,16,46,4,1,0,0.08,after,0,0
0.47,0.16,0.62,0.52,10,50,0,10,"[65, 85, 81, 67, 55, 33, 28, 74, 24, 53]",True,0.5,4,39,3,3,1,0.32,forward,13,1
0.45,0.33,0.5,0.67,9,100,0,6,"[36, 25, 5, 46, 37, 41]",True,0.89,4,49,9,3,2,0.3,right,10,1
0.11,0.58,0.76,0.53,9,80,0,3,"[56, 51, 12]",False,0.87,28,62,3,3,2,0.24,front,5,1
0.32,0.23,0.74,0.34,7,100,0,5,"[83, 9, 67, 43, 62]",True,0.88,18,58,0,0,0,0.07,forward,8,1
0.11,0.05,0.8,0.2,9,60,0,3,"[79, 90, 85]",False,0.54,28,60,9,0,0,0.18,front,3,0
0.43,0.0,0.71,0.27,6,80,0,2,"[79, 41]",False,0.59,23,47,3,2,2,0.16,right,14,1
0.28,0.22,0.85,0.63,10,60,0,10,"[90, 80, 17, 43, 48, 53, 15, 20, 31, 75]",False,0.8,21,65,6,0,1,0.39,after,1,1
0.19,0.26,0.72,0.69,10,60,0,3,"[23, 51, 83]",True,0.52,17,24,6,1,1,0.44,left,9,1
0.39,0.06,0.79,0.61,9,60,0,8,"[27, 53, 38, 39, 9, 86, 14, 61]",True,0.87,23,60,2,1,4,0.31,right,5,1
0.21,0.46,0.67,0.75,6,120,0,3,"[44, 24, 24]",False,0.82,18,37,6,0,4,0.01,forward,12,1
0.33,0.31,0.54,0.4,7,50,0,5,"[70, 60, 15, 79, 20]",True,0.68,27,57,0,2,1,0.49,forward,12,1
0.46,0.5,0.67,0.28,6,120,0,8,"[78, 42, 5, 69, 16, 37, 61, 50]",True,0.56,30,64,3,1,0,0.23,front,2,1
0.49,0.37,0.64,0.33,6,60,0,3,"[51, 19, 29]",False,0.61,10,19,2,0,4,0.49,front,0,1
0.43,0.22,0.73,0.76,9,50,0,5,"[9, 38, 59, 79, 59]",True,0.54,21,34,6,3,0,0.05,left,2,1
0.36,0.37,0.51,0.7,6,60,0,10,"[71, 43, 50, 63, 23, 16, 58, 64, 78, 19]",True,0.98,3,50,6,2,2,0.07,forward,8,1
0.24,0.52,0.58,0.4,9,50,0,7,"[69, 85, 26, 69, 60, 8, 9]",True,0.98,14,22,4,3,2,0.42,right,4,1
0.43,0.22,0.99,0.77,8,60,0,5,"[22, 17, 8, 36, 61]",False,0.63,26,57,8,3,3,0.33,after,13,1
0.32,0.47,0.74,0.41,10,60,0,5,"[70, 20, 70, 23, 54]",False,0.99,27,32,1,3,3,0.42,right,3,1
0.47,0.12,0.83,0.47,10,120,0,9,"[18, 11, 71, 27, 46, 26, 63, 21, 36]",True,0.65,21,39,2,0,3,0.32,right,6,1
0.25,0.21,0.99,0.62,6,60,0,8,"[13, 74, 21, 54, 24, 9, 40, 47]",False,0.56,16,31,7,1,4,0.29,after,13,1
0.23,0.33,0.67,0.72,8,80,0,3,"[32, 53, 90]",True,0.85,28,47,6,1,5,0.4,right,5,1
0.35,0.49,0.72,0.71,8,100,0,4,"[80, 85, 51, 31]",True,0.54,29,54,2,1,3,0.48,front,2,1
0.3,0.42,0.74,0.57,7,120,0,5,"[71, 12, 8, 26, 53]",True,0.87,3,19,7,1,1,0.44,left,4,1
0.39,0.47,0.89,0.21,7,50,0,7,"[88, 87, 52, 32, 32, 72, 23]",True,0.92,13,19,6,0,1,0.01,front,2,1
0.29,0.17,0.97,0.15,8,100,0,3,"[54, 35, 14]",True,0.92,7,24,9,1,4,0.3,forward,5,0
0.45,0.19,0.93,0.14,8,120,0,9,"[44, 50, 43, 44, 16, 37, 24, 85, 82]",True,0.92,10,36,1,1,1,0.37,forward,7,1
0.44,0.44,0.79,0.48,8,80,0,9,"[68, 57, 33, 65, 17, 61, 28, 45, 31]",False,0.53,10,46,8,3,1,0.11,forward,8,1
0.45,0.14,0.97,0.21,7,80,0,6,"[15, 51, 52, 46, 27, 79]",False,0.79,29,34,6,1,2,0.0,front,8,1
0.28,0.54,0.89,0.57,7,100,0,8,"[52, 32, 7, 49, 82, 10, 21, 57]",True,0.55,9,59,3,0,0,0.41,front,10,1
0.11,0.26,0.83,0.31,10,60,0,6,"[64, 64, 32, 62, 72, 65]",False,0.8,30,41,0,3,2,0.39,front,13,1
0.25,0.45,0.78,0.33,8,80,0,10,"[15, 56, 62, 36, 80, 62, 9, 82, 90, 82]",False,0.57,10,55,2,0,2,0.23,front,3,0
0.47,0.27,0.81,0.46,10,50,0,2,"[32, 64]",False,0.97,26,61,4,0,5,0.49,front,5,1
0.46,0.53,0.88,0.26,7,120,0,10,"[69, 88, 26, 86, 60, 72, 52, 17, 24, 68]",False,0.68,22,52,3,1,4,0.27,forward,15,1
0.2,0.05,0.52,0.28,8,60,0,8,"[37, 31, 25, 39, 58, 30, 33, 19]",True,0.87,23,32,10,1,3,0.21,forward,0,1
0.23,0.34,0.91,0.77,9,60,0,10,"[83, 79, 9, 54, 82, 9, 9, 24, 43, 59]",False,0.59,19,53,10,1,0,0.48,right,15,1
0.43,0.17,0.62,0.27,9,80,0,7,"[27, 75, 87, 68, 45, 37, 11]",True,0.67,24,65,2,3,2,0.3,after,3,1
0.25,0.42,0.79,0.74,6,50,0,3,"[12, 44, 57]",False,0.77,25,40,6,2,1,0.43,front,10,1
0.25,0.42,0.88,0.46,8,80,0,7,"[67, 27, 26, 74, 76, 9, 70]",True,0.72,4,54,7,1,0,0.29,after,10,1
0.21,0.6,0.56,0.61,7,50,0,10,"[84, 24, 72, 81, 44, 34, 49, 70, 34, 58]",True,0.81,16,36,6,1,3,0.44,front,9,1
0.4,0.45,0.88,0.19,9,60,0,7,"[86, 48, 37, 66, 74, 61, 29]",True,0.58,24,66,5,2,3,0.19,left,15,1
0.32,0.32,0.91,0.37,6,80,0,9,"[9, 82, 16, 32, 37, 87, 79, 30, 82]",True,0.66,8,22,2,3,5,0.35,after,3,1
0.13,0.32,0.66,0.13,10,50,0,7,"[62, 26, 54, 19, 52, 71, 88]",False,0.76,25,60,2,1,3,0.31,forward,2,1
0.23,0.25,0.76,0.37,8,50,0,8,"[84, 64, 31, 89, 12, 31, 24, 90]",False,0.82,25,67,6,3,1,0.49,left,8,1
0.17,0.07,0.58,0.22,7,60,0,5,"[34, 49, 32, 19, 45]",True,0.67,29,34,8,3,1,0.08,front,5,1
0.24,0.33,0.89,0.67,10,50,0,8,"[20, 15, 50, 80, 86, 70, 20, 33]",True,0.92,19,28,4,0,0,0.16,front,1,1
0.17,0.4,0.62,0.15,6,100,0,7,"[73, 84, 8, 49, 17, 5, 46]",False,0.66,20,20,6,2,0,0.07,forward,9,0
0.37,0.51,0.7,0.18,10,50,0,5,"[42, 35, 6, 28, 34]",False,0.71,8,46,9,0,0,0.08,front,10,1
0.18,0.58,0.59,0.73,10,100,0,9,"[40, 5, 19, 44, 90, 86, 86, 65, 60]",True,0.81,9,34,6,1,0,0.36,front,7,1
0.15,0.15,0.62,0.32,10,120,0,8,"[75, 43, 74, 53, 32, 28, 43, 54]",True,0.84,9,61,0,2,4,0.43,left,8,1
0.3,0.53,0.79,0.67,10,60,0,9,"[90, 24, 32, 79, 52, 18, 61, 49, 73]",False,0.86,28,20,8,1,3,0.01,right,5,1
0.26,0.44,0.9,0.2,10,120,0,6,"[36, 50, 65, 33, 32, 47]",True,0.5,11,59,1,1,5,0.46,forward,6,1
0.4,0.13,0.98,0.68,8,100,0,8,"[80, 43, 29, 31, 47, 12, 43, 12]",False,0.86,8,30,9,2,0,0.26,forward,5,1
0.36,0.32,0.52,0.56,10,100,0,10,"[11, 28, 88, 16, 29, 80, 58, 27, 42, 85]",False,0.62,16,30,7,0,2,0.31,forward,0,1
0.12,0.06,0.73,0.6,8,100,0,7,"[6, 76, 84, 67, 60, 5, 12]",True,0.72,24,29,1,2,4,0.21,front,4,0
0.38,0.53,0.79,0.39,7,80,0,4,"[50, 66, 15, 90]",False,0.91,2,65,0,2,3,0.22,front,13,1
0.33,0.45,0.56,0.39,8,50,0,10,"[49, 73, 77, 87, 37, 62, 88, 28, 12, 59]",False,0.91,27,38,3,1,0,0.3,right,5,1
0.31,0.58,0.64,0.69,10,120,0,3,"[46, 55, 22]",True,0.87,25,21,1,3,4,0.19,after,11,1
0.37,0.02,0.68,0.19,9,50,0,3,"[74, 76, 60]",True,0.87,23,55,6,0,4,0.05,after,14,1
0.22,0.46,0.95,0.65,8,120,0,3,"[19, 90, 60]",True,0.67,21,57,10,3,4,0.4,forward,10,1
0.16,0.58,0.71,0.57,7,50,0,8,"[54, 12, 53, 75, 84, 11, 40, 19]",True,0.6,22,54,10,3,2,0.24,left,3,1
0.21,0.31,0.61,0.74,7,50,0,4,"[79, 30, 88, 16]",False,0.62,11,49,8,0,1,0.24,after,11,1
0.45,0.19,0.96,0.71,9,100,0,10,"[71, 60, 54, 46, 45, 11, 67, 41, 57, 87]",False,0.76,19,49,7,2,1,0.11,right,15,1
0.18,0.0,0.73,0.4,8,80,0,4,"[30, 40, 48, 21]",True,0.71,16,21,1,3,5,0.42,forward,9,1
0.32,0.34,0.69,0.66,9,60,0,7,"[42, 87, 59, 41, 65, 87, 26]",True,0.81,5,51,9,0,0,0.35,right,4,1
0.22,0.17,0.71,0.43,8,80,0,7,"[49, 41, 63, 40, 24, 79, 37]",True,0.56,12,50,7,3,2,0.44,forward,10,1
0.39,0.43,0.74,0.28,6,60,0,5,"[47, 21, 33, 14, 33]",True,0.85,13,32,6,0,5,0.47,front,10,1
0.46,0.4,0.5,0.36,7,60,0,9,"[84, 23, 46, 43, 28, 86, 71, 58, 16]",False,0.66,14,24,4,1,2,0.43,forward,6,1
0.27,0.15,0.74,0.16,7,100,0,5,"[41, 60, 59, 73, 16]",False,0.63,3,37,6,2,0,0.31,left,1,1
0.41,0.55,0.71,0.7,8,80,0,6,"[65, 32, 15, 29, 49, 8]",True,0.9,2,69,7,1,1,0.04,after,14,1
0.5,0.37,0.93,0.74,8,80,0,8,"[47, 12, 30, 45, 51, 9, 47, 65]",True,0.97,3,63,6,3,3,0.5,left,14,1
0.46,0.43,0.67,0.74,8,60,0,3,"[87, 85, 36]",True,0.91,28,59,0,1,2,0.42,left,1,1
0.4,0.24,0.69,0.4,6,80,0,8,"[37, 36, 26, 15, 62, 14, 76, 68]",True,0.71,28,23,3,3,0,0.31,after,2,1
0.22,0.47,0.92,0.69,8,100,0,7,"[84, 51, 56, 65, 89, 45, 23]",False,0.71,19,19,2,1,1,0.12,forward,12,1
0.26,0.45,0.76,0.6,6,80,0,8,"[33, 49, 62, 78, 27, 34, 35, 8]",True,0.53,23,43,10,2,0,0.32,forward,0,1
0.3,0.22,0.97,0.41,10,60,0,2,"[47, 28]",True,0.65,6,25,9,3,5,0.02,right,1,0
0.23,0.41,0.6,0.35,8,80,0,7,"[71, 11, 16, 80, 7, 65, 62]",False,0.64,28,52,10,2,0,0.22,forward,0,0
0.14,0.41,0.72,0.28,9,100,0,2,"[29, 70]",True,0.85,10,33,10,0,5,0.48,right,7,1
0.3,0.36,0.84,0.73,7,60,0,5,"[36, 78, 56, 51, 70]",True,0.85,2,19,3,2,3,0.21,forward,4,1
0.13,0.03,0.92,0.66,10,50,0,8,"[64, 87, 62, 16, 88, 48, 77, 54]",True,0.53,30,34,1,1,2,0.31,forward,14,1
0.49,0.28,0.95,0.4,9,60,0,6,"[8, 28, 17, 20, 76, 20]",False,0.97,9,67,3,1,3,0.27,left,4,1
0.44,0.56,0.73,0.54,8,120,0,10,"[90, 76, 57, 49, 15, 51, 15, 67, 69, 81]",False,0.51,24,25,9,2,1,0.49,left,3,1
0.36,0.41,0.98,0.75,9,100,0,5,"[30, 66, 46, 53, 20]",False,0.88,26,28,0,3,4,0.46,front,3,1
0.16,0.39,0.91,0.11,6,60,0,6,"[66, 5, 61, 23, 17, 76]",True,0.84,20,63,0,3,2,0.26,left,10,0
0.43,0.56,0.55,0.6,7,60,0,3,"[55, 73, 82]",True,0.64,14,39,7,1,4,0.1,left,0,1
0.18,0.46,0.77,0.67,8,50,0,6,"[17, 88, 50, 48, 39, 50]",False,0.69,20,51,10,0,5,0.37,after,13,1
0.46,0.05,0.79,0.8,10,50,0,2,"[42, 87]",True,0.54,17,41,1,2,5,0.2,left,9,1
0.46,0.38,0.57,0.53,6,50,0,6,"[74, 52, 78, 90, 62, 72]",True,0.63,20,26,5,1,3,0.05,front,3,1
0.33,0.34,0.63,0.27,6,50,0,7,"[32, 56, 38, 6, 78, 20, 42]",True,0.9,16,61,2,1,2,0.1,left,1,1
0.31,0.44,0.78,0.54,7,100,0,5,"[35, 12, 30, 21, 69]",True,0.97,4,36,8,0,1,0.27,after,15,1
0.26,0.22,0.52,0.25,9,80,0,6,"[85, 7, 87, 82, 21, 64]",True,0.77,1,26,3,1,3,0.09,forward,9,1
0.11,0.15,0.94,0.56,10,80,0,4,"[83, 66, 68, 72]",False,0.6,2,25,8,0,1,0.1,forward,15,1
0.2,0.18,0.65,0.66,10,120,0,5,"[55, 75, 14, 90, 11]",False,0.84,24,52,5,0,0,0.07,right,11,1
0.42,0.22,0.69,0.52,8,120,0,9,"[71, 10, 30, 68, 46, 56, 64, 13, 78]",False,0.52,27,28,9,3,1,0.2,right,0,1
0.3,0.55,0.66,0.17,9,50,0,5,"[65, 28, 8, 6, 63]",False,0.99,9,64,5,0,2,0.13,after,12,1
0.1,0.23,0.88,0.22,8,120,0,4,"[44, 90, 45, 62]",False,0.73,13,70,10,0,3,0.31,left,4,1
0.47,0.04,0.62,0.6,9,50,0,10,"[88, 80, 52, 48, 16, 19, 80, 18, 87, 84]",False,0.63,7,50,9,2,1,0.3,right,13,1
0.13,0.44,0.58,0.69,10,50,0,5,"[12, 46, 36, 64, 28]",True,0.88,3,19,7,3,5,0.14,front,0,1
0.25,0.29,0.68,0.34,7,80,0,2,"[72, 90]",True,0.67,2,65,8,3,2,0.16,right,3,1
0.19,0.57,0.58,0.22,9,100,0,3,"[83, 10, 47]",False,0.94,1,59,4,1,5,0.01,left,15,1
0.2,0.28,0.68,0.37,6,50,0,6,"[66, 38, 41, 23, 18, 48]",True,0.51,26,34,8,2,2,0.24,after,5,0
0.15,0.15,0.84,0.65,8,50,0,3,"[44, 47, 53]",True,0.74,17,26,0,2,0,0.14,right,2,1
0.13,0.16,0.89,0.56,8,60,0,10,"[24, 64, 87, 16, 48, 53, 40, 27, 40, 27]",True,0.54,10,28,0,0,3,0.19,left,6,0
0.5,0.44,0.72,0.71,10,80,0,2,"[78, 27]",True,0.87,26,33,3,1,3,0.08,front,13,1
0.45,0.13,0.89,0.4,9,100,0,6,"[15, 88, 44, 66, 86, 6]",False,0.78,25,68,1,0,0,0.05,right,9,1
0.14,0.56,0.64,0.36,10,60,0,5,"[84, 28, 41, 47, 9]",True,0.82,19,21,8,3,4,0.43,front,13,1
0.14,0.22,0.66,0.68,6,80,0,8,"[44, 5, 49, 27, 37, 64, 47, 42]",False,0.83,25,20,0,2,5,0.11,forward,13,1
0.45,0.41,0.71,0.38,7,50,0,10,"[82, 14, 50, 28, 89, 32, 56, 53, 32, 90]",True,0.69,27,44,10,0,2,0.42,left,11,1
0.15,0.14,0.66,0.49,6,100,0,9,"[14, 81, 69, 26, 57, 49, 25, 26, 68]",False,0.8,18,67,6,2,2,0.4,front,4,1
0.47,0.29,0.79,0.13,10,120,0,8,"[23, 37, 29, 13, 50, 68, 56, 54]",True,0.53,25,22,5,2,4,0.37,left,2,1
0.27,0.03,0.54,0.7,8,60,0,6,"[31, 64, 64, 90, 48, 52]",False,0.94,12,53,0,1,1,0.39,after,3,1
0.18,0.29,0.8,0.47,8,50,0,9,"[45, 31, 69, 60, 53, 70, 9, 81, 20]",False,0.67,28,26,5,0,0,0.17,forward,13,0
0.38,0.06,0.96,0.28,10,60,0,10,"[14, 54, 65, 24, 63, 26, 17, 44, 80, 89]",True,0.97,23,50,7,2,5,0.17,after,4,1
0.4,0.32,0.67,0.46,10,60,0,10,"[67, 83, 14, 29, 72, 26, 71, 13, 69, 65]",True,0.82,1,37,0,2,3,0.16,after,9,1
0.48,0.02,0.63,0.71,10,50,0,8,"[24, 64, 54, 86, 53, 77, 62, 69]",False,0.64,19,33,10,0,1,0.32,right,15,1
0.15,0.25,0.57,0.7,7,50,0,8,"[63, 49, 55, 54, 51, 76, 40, 83]",True,0.59,27,55,7,0,0,0.16,front,10,1
0.14,0.21,0.64,0.27,10,120,0,3,"[53, 72, 33]",True,0.51,3,32,0,1,0,0.22,front,10,1
0.4,0.51,0.61,0.67,8,80,0,5,"[20, 50, 88, 55, 51]",False,0.5,30,31,4,3,5,0.45,front,7,1
0.4,0.56,0.64,0.28,9,60,0,8,"[57, 48, 88, 6, 43, 60, 80, 9]",False,0.7,23,43,4,3,1,0.38,right,8,1
0.21,0.35,0.52,0.44,9,50,0,4,"[21, 53, 58, 90]",True,0.83,28,27,9,0,4,0.36,right,4,1
0.39,0.49,0.78,0.64,9,120,0,3,"[64, 76, 64]",False,0.7,13,64,0,2,3,0.16,left,12,1
0.22,0.41,0.8,0.53,10,120,0,6,"[67, 90, 33, 50, 42, 8]",False,0.62,22,65,3,3,2,0.11,left,15,0
0.18,0.52,0.96,0.63,8,50,0,4,"[31, 15, 42, 80]",False,0.9,25,54,9,0,4,0.12,after,14,1
0.35,0.38,0.51,0.74,9,80,0,7,"[11, 13, 84, 55, 76, 36, 6]",False,0.88,28,31,8,2,3,0.36,left,15,1
0.24,0.12,0.71,0.12,10,80,0,6,"[6, 51, 13, 72, 31, 16]",False,0.65,11,35,6,2,5,0.17,right,0,0
0.43,0.11,0.95,0.14,6,100,0,4,"[12, 15, 10, 5]",True,0.88,8,36,0,0,5,0.48,after,6,1
0.48,0.52,0.88,0.22,9,60,0,4,"[54, 79, 31, 7]",True,0.59,7,49,0,1,5,0.01,front,6,1
0.45,0.2,0.71,0.59,9,50,0,2,"[72, 55]",False,0.75,7,66,2,1,3,0.13,front,4,1
0.3,0.12,0.54,0.5,10,80,0,6,"[7, 87, 15, 42, 62, 68]",False,0.69,28,23,7,0,0,0.24,right,8,1
0.49,0.3,0.59,0.73,9,60,0,6,"[74, 47, 45, 71, 41, 55]",True,0.66,15,49,0,1,3,0.45,left,13,1
0.38,0.11,0.75,0.66,9,50,0,2,"[89, 66]",True,0.63,4,36,7,3,5,0.27,left,6,1
0.13,0.11,1.0,0.55,7,100,0,5,"[60, 74, 35, 42, 51]",True,0.89,25,37,8,2,2,0.45,after,9,1
0.5,0.55,0.92,0.45,10,50,0,10,"[40, 6, 53, 29, 81, 63, 75, 81, 68, 41]",False,0.75,27,49,6,0,3,0.3,after,12,1
0.21,0.37,0.58,0.55,8,100,0,3,"[69, 36, 11]",True,0.75,17,23,8,1,3,0.11,after,9,1
0.4,0.12,0.6,0.35,9,60,0,10,"[44, 82, 6, 34, 19, 82, 79, 11, 55, 46]",False,0.54,30,54,1,3,1,0.45,forward,0,1
0.12,0.36,0.95,0.58,9,80,0,5,"[7, 22, 59, 74, 44]",False,0.93,15,54,10,3,1,0.37,left,12,1
0.32,0.6,0.77,0.75,7,80,0,7,"[53, 18, 13, 39, 72, 76, 90]",True,0.75,4,47,0,3,1,0.36,left,0,1
0.36,0.16,0.64,0.56,6,50,0,8,"[32, 81, 43, 8, 8, 13, 71, 46]",True,0.87,7,66,7,2,2,0.15,after,12,1
0.31,0.47,0.96,0.33,7,100,0,9,"[48, 90, 73, 27, 10, 23, 72, 52, 20]",False,0.99,28,30,4,1,3,0.24,after,11,1
0.3,0.52,0.75,0.22,10,100,0,6,"[69, 16, 40, 36, 81, 20]",True,0.87,8,66,1,2,5,0.32,forward,9,1
0.48,0.17,0.62,0.68,8,100,0,3,"[72, 17, 18]",False,0.54,13,34,5,0,0,0.26,front,2,1
0.32,0.52,0.84,0.29,9,80,0,7,"[39, 79, 56, 62, 12, 5, 12]",False,0.65,20,49,7,1,2,0.18,after,8,1
0.2,0.32,1.0,0.61,6,80,0,9,"[84, 31, 9, 58, 53, 31, 87, 72, 19]",False,0.6,11,30,10,1,2,0.4,after,4,1
0.14,0.09,0.63,0.14,8,60,0,5,"[28, 71, 11, 43, 46]",False,0.84,4,49,9,0,5,0.37,front,9,1
0.38,0.39,0.72,0.11,6,120,0,10,"[7, 80, 8, 81, 41, 42, 24, 62, 51, 71]",True,0.59,5,19,1,2,1,0.33,right,1,1
0.18,0.48,0.92,0.35,9,60,0,2,"[76, 40]",True,0.58,2,29,9,2,0,0.03,after,8,1
0.22,0.51,0.75,0.17,8,120,0,2,"[62, 22]",True,0.76,19,42,5,2,0,0.47,left,13,1
0.2,0.16,0.5,0.19,9,50,0,3,"[54, 75, 75]",False,0.57,5,30,7,2,3,0.49,after,4,1
0.24,0.47,0.65,0.21,10,80,0,10,"[75, 50, 72, 20, 28, 79, 56, 5, 83, 75]",False,0.68,15,59,6,0,4,0.01,forward,9,0
0.17,0.58,0.55,0.68,10,50,0,9,"[22, 61, 17, 15, 50, 67, 63, 25, 89]",False,0.86,9,68,4,1,5,0.22,forward,11,1
0.2,0.41,0.69,0.3,8,120,0,7,"[9, 32, 20, 44, 42, 32, 52]",True,0.59,27,70,2,2,2,0.14,left,10,0
0.34,0.09,0.5,0.38,10,120,0,10,"[7, 5, 57, 37, 58, 30, 32, 5, 6, 30]",True,0.65,23,31,9,2,2,0.33,right,7,1
0.23,0.15,0.93,0.66,10,120,0,4,"[48, 86, 85, 62]",True,0.59,12,59,9,2,5,0.28,right,11,1
0.21,0.37,0.96,0.64,7,50,0,10,"[89, 47, 79, 85, 44, 81, 72, 5, 39, 35]",False,0.92,1,67,7,1,4,0.43,after,9,1
0.35,0.49,0.95,0.33,6,60,0,5,"[77, 72, 81, 62, 89]",True,0.97,24,36,1,0,3,0.4,right,3,1