statistics_accidents_on_road,coating_humidity,quality_coating,traffic_congestion,width_road,allowed_max_speed,allowed_min_speed,turns_route,tangles_turns_on_route,has_marking_applied,confidence_on_road,driving_experience,age,total_traffic_violations,total_offenses,number_accidents,marginality_population,wind_direction,wind_speed,accident_occurred
0.42,0.37,0.65,0.3,6,120,0,4,"[41, 56, 37, 10]",True,0.52,11,62,9,1,2,0.16,after,1,1
0.36,0.07,0.7,0.56,9,100,0,9,"[90, 75, 5, 71, 56, 81, 41, 20, 19]",True,0.68,17,69,4,0,0,0.0,left,15,1
0.4,0.52,0.68,0.11,6,60,0,3,"[42, 13, 30]",False,0.87,13,68,0,1,5,0.12,front,4,1
0.2,0.53,0.73,0.48,8,60,0,7,"[51, 50, 10, 18, 65, 39, 56]",True,0.71,19,62,1,2,0,0.1,right,8,1
0.4,0.07,0.52,0.43,6,80,0,3,"[41, 52, 58]",False,0.67,20,66,2,3,4,0.35,after,8,1
0.22,0.46,0.66,0.2,6,60,0,9,"[78, 25, 75, 34, 44, 83, 78, 71, 15]",False,0.57,12,53,3,3,0,0.1,front,11,0
0.14,0.54,0.53,0.22,7,80,0,4,"[89, 35, 27, 66]",False,0.88,2,27,5,1,2,0.15,after,11,1
0.45,0.3,0.95,0.7,10,100,0,5,"[48, 25, 87, 18, 43]",True,0.69,3,55,0,2,2,0.13,right,3,1
0.19,0.01,0.62,0.8,7,50,0,5,"[19, 51, 23, 69, 13]",False,0.65,23,23,6,2,5,0.19,front,8,1
0.24,0.03,0.84,0.64,8,120,0,10,"[24, 90, 51, 42, 90, 53, 12, 68, 7, 53]",False,0.68,13,31,5,2,5,0.2,after,13,1
0.29,0.29,0.72,0.51,9,120,0,2,"[75, 8]",False,0.7,22,39,2,0,5,0.35,forward,13,1
0.24,0.48,0.73,0.48,8,100,0,3,"[70, 15, 52]",False,0.54,13,51,0,3,5,0.4,left,2,1
0.3,0.02,0.74,0.31,7,120,0,5,"[52, 36, 22, 74, 89]",False,0.94,24,39,8,0,3,0.32,left,0,1
0.31,0.18,0.51,0.76,10,50,0,3,"[59, 71, 6]",True,1.0,29,58,0,0,2,0.2,front,5,1
0.47,0.33,0.57,0.55,6,120,0,4,"[14, 81, 20, 64]",True,0.72,27,32,10,3,5,0.21,forward,2,1
0.32,0.46,0.81,0.72,9,60,0,8,"[90, 38, 17, 70, 80, 50, 9, 52]",True,0.61,17,60,7,2,4,0.21,left,9,1
0.14,0.05,0.64,0.68,8,60,0,2,"[81, 35]",True,0.94,10,36,7,2,5,0.08,right,1,1
0.34,0.11,0.76,0.21,6,120,0,2,"[48, 47]",True,0.91,8,22,0,3,4,0.11,after,12,1
0.44,0.07,0.83,0.7,8,50,0,7,"[87, 43, 48, 46, 31, 53, 27]",True,0.61,8,46,4,0,2,0.11,left,1,1
0.31,0.31,0.7,0.39,6,80,0,4,"[58, 39, 39, 54]",False,0.93,30,52,1,3,1,0.02,right,11,1
0.41,0.18,0.93,0.17,9,120,0,5,"[57, 7, 31, 41, 63]",False,0.85,5,18,8,1,0,0.1,left,11,1
0.38,0.08,0.53,0.51,9,80,0,10,"[25, 53, 29, 50, 57, 32, 34, 17, 61, 36]",True,0.95,1,53,8,3,3,0.31,after,11,1
0.34,0.17,0.8,0.75,10,60,0,8,"[50, 52, 66, 11, 58, 30, 20, 69]",True,0.85,13,20,5,3,1,0.27,forward,15,1
0.29,0.28,0.63,0.67,7,50,0,7,"[67, 39, 63, 87, 28, 62, 38]",False,0.84,18,56,8,1,2,0.25,left,11,1
0.1,0.31,0.84,0.67,9,100,0,8,"[60, 49, 45, 20, 72, 65, 89, 90]",False,0.71,16,27,5,0,0,0.1,front,5,1
0.26,0.51,0.63,0.59,6,50,0,10,"[22, 12, 66, 23, 53, 52, 35, 51, 11, 86]",True,0.86,3,28,9,0,4,0.4,forward,12,1
0.49,0.08,0.99,0.36,9,60,0,9,"[54, 9, 53, 35, 26, 73, 33, 40, 68]",False,0.57,2,41,5,0,4,0.1,front,5,1
0.2,0.05,0.94,0.7,8,50,0,2,"[76, 78]",True,0.63,11,62,2,2,4,0.24,right,9,1
0.13,0.46,0.89,0.12,8,60,0,2,"[49, 42]",False,0.6,25,28,4,3,2,0.18,right,2,0
0.15,0.15,0.73,0.29,9,50,0,4,"[89, 13, 25, 12]",True,0.56,26,53,8,3,1,0.08,right,15,0
0.49,0.32,0.55,0.58,6,60,0,4,"[26, 83, 53, 67]",True,0.86,26,65,8,0,2,0.27,right,9,1
0.25,0.16,0.67,0.22,8,80,0,4,"[32, 6, 13, 67]",True,0.79,27,70,0,0,3,0.32,forward,8,1
0.23,0.38,0.61,0.46,10,50,0,2,"[47, 81]",False,0.83,22,64,9,3,2,0.49,forward,10,1
0.24,0.11,0.67,0.6,6,50,0,3,"[60, 9, 25]",False,0.57,21,58,3,3,5,0.21,front,13,0
0.4,0.41,0.51,0.24,9,60,0,10,"[67, 16, 7, 54, 78, 54, 61, 85, 71, 69]",True,0.64,20,56,0,2,5,0.03,forward,10,1
0.29,0.15,0.93,0.22,10,60,0,6,"[15, 73, 59, 86, 33, 33]",False,0.77,15,43,5,3,4,0.22,front,1,0
0.45,0.27,0.64,0.36,10,120,0,5,"[89, 71, 43, 35, 67]",True,0.53,9,41,0,0,3,0.48,front,3,1
0.47,0.58,0.73,0.14,7,120,0,8,"[88, 11, 53, 27, 8, 77, 62, 55]",False,0.78,27,67,1,3,0,0.04,forward,15,1
0.38,0.33,0.69,0.42,10,80,0,4,"[75, 74, 84, 49]",False,0.73,7,24,7,2,2,0.1,after,7,1
0.39,0.41,0.72,0.71,10,50,0,6,"[32, 26, 33, 37, 43, 31]",True,0.59,12,47,10,2,0,0.05,left,8,1
0.42,0.45,0.75,0.3,8,60,0,5,"[34, 69, 13, 76, 85]",True,0.71,10,49,9,0,5,0.3,front,6,1
0.29,0.26,0.63,0.28,7,100,0,4,"[44, 29, 12, 50]",True,0.88,30,40,2,0,0,0.27,front,3,0
0.44,0.43,0.51,0.17,6,80,0,4,"[89, 61, 23, 51]",False,0.61,21,31,0,2,3,0.39,after,7,1
0.5,0.32,0.93,0.18,10,80,0,5,"[67, 44, 73, 9, 45]",False,0.52,7,25,4,1,5,0.38,right,0,1
0.28,0.05,0.68,0.13,10,80,0,6,"[35, 21, 51, 42, 8, 13]",False,0.79,13,20,6,2,1,0.01,forward,12,0
0.48,0.43,0.85,0.31,10,50,0,7,"[61, 64, 61, 70, 60, 78, 31]",True,0.52,17,35,4,0,4,0.23,front,2,1
0.4,0.08,0.95,0.29,8,100,0,6,"[88, 60, 42, 38, 39, 89]",True,0.97,13,54,2,1,5,0.02,after,15,1
0.25,0.53,0.97,0.75,9,120,0,10,"[18, 15, 57, 29, 33, 45, 68, 52, 47, 6]",True,0.93,12,62,0,1,4,0.1,right,1,1
0.25,0.19,0.99,0.79,9,50,0,5,"[32, 76, 73, 69, 88]",True,0.95,10,70,8,2,0,0.34,left,10,1
0.4,0.1,0.79,0.53,9,120,0,2,"[31, 88]",True,0.86,5,68,0,3,5,0.41,left,11,1
0.38,0.19,0.89,0.63,7,100,0,2,"[42, 90]",True,0.63,14,46,0,0,5,0.34,left,14,1
0.25,0.04,0.91,0.11,10,100,0,10,"[80, 26, 58, 19, 56, 23, 23, 8, 9, 73]",False,0.76,1,59,7,3,4,0.18,front,11,1
0.3,0.4,0.82,0.65,10,100,0,9,"[31, 12, 82, 80, 32, 36, 46, 51, 18]",False,0.87,17,38,2,2,2,0.27,left,0,1
0.14,0.43,0.7,0.3,7,80,0,7,"[8, 20, 9, 12, 81, 18, 22]",True,0.72,21,25,1,1,2,0.16,after,10,0
0.5,0.29,0.89,0.78,7,120,0,5,"[24, 66, 89, 54, 42]",True,0.7,25,52,9,3,2,0.44,right,11,1
0.44,0.43,0.52,0.67,7,120,0,5,"[40, 80, 64, 68, 64]",True,0.99,12,55,9,1,4,0.29,right,7,1
0.28,0.11,0.82,0.21,9,80,0,6,"[19, 70, 36, 38, 17, 30]",False,0.82,5,51,7,3,5,0.19,right,12,0
0.4,0.38,0.74,0.59,10,50,0,7,"[17, 11, 37, 24, 14, 81, 71]",True,0.55,7,22,8,1,0,0.09,right,13,1
0.3,0.16,0.54,0.21,9,60,0,7,"[80, 44, 20, 72, 77, 41, 41]",True,0.93,3,56,2,1,1,0.41,forward,1,1
0.19,0.46,0.54,0.71,10,50,0,6,"[89, 40, 69, 69, 36, 14]",True,0.78,8,48,1,1,0,0.18,right,6,1
0.27,0.48,0.66,0.66,8,120,0,9,"[35, 7, 69, 23, 67, 80, 43, 41, 9]",True,0.59,25,34,10,0,2,0.22,forward,11,1
0.15,0.17,0.97,0.52,7,60,0,5,"[50, 54, 87, 52, 38]",True,0.87,10,34,1,0,2,0.48,left,0,1
0.2,0.15,0.93,0.3,10,60,0,3,"[8, 70, 35]",True,0.6,17,55,0,3,3,0.49,right,9,1
0.11,0.52,0.64,0.66,6,50,0,10,"[49, 54, 21, 53, 76, 39, 55, 72, 41, 87]",False,0.62,15,39,1,2,1,0.07,right,14,1
0.43,0.46,0.91,0.69,9,100,0,7,"[38, 28, 26, 39, 49, 16, 45]",False,0.78,19,58,0,3,1,0.38,after,2,1
0.1,0.17,0.99,0.54,7,100,0,9,"[8, 35, 10, 32, 67, 31, 74, 51, 5]",False,0.79,22,39,7,0,0,0.46,front,7,1
0.13,0.21,0.63,0.2,8,50,0,4,"[41, 76, 14, 6]",False,0.74,24,34,1,1,3,0.37,left,12,1
0.42,0.24,0.73,0.74,7,60,0,10,"[38, 70, 27, 45, 22, 17, 39, 70, 31, 58]",True,0.88,2,30,2,3,1,0.25,after,12,1
0.22,0.41,0.8,0.66,10,60,0,3,"[14, 53, 68]",True,0.91,14,61,5,1,1,0.36,left,0,1
0.17,0.35,0.87,0.24,10,80,0,2,"[32, 15]",True,0.92,7,58,4,2,1,0.1,forward,10,0
0.48,0.01,0.62,0.54,7,80,0,10,"[63, 72, 77, 76, 55, 21, 20, 69, 11, 90]",False,0.8,17,42,5,1,5,0.25,right,3,1
0.12,0.52,0.6,0.31,8,80,0,2,"[6, 8]",True,0.6,7,39,3,3,4,0.5,forward,15,1
0.22,0.54,0.67,0.52,6,120,0,3,"[82, 16, 85]",True,0.67,22,50,10,2,5,0.04,left,10,1
0.27,0.57,0.52,0.22,10,80,0,2,"[76, 31]",False,1.0,16,56,10,0,5,0.22,after,15,1
0.1,0.49,0.86,0.14,7,80,0,9,"[22, 84, 38, 54, 42, 45, 55, 56, 48]",True,0.72,22,38,6,3,0,0.1,front,9,0
0.13,0.54,0.53,0.41,6,80,0,8,"[11, 64, 70, 61, 26, 75, 43, 87]",False,0.7,16,68,2,1,0,0.34,front,3,1
0.12,0.52,0.67,0.66,10,100,0,7,"[9, 10, 65, 18, 18, 7, 8]",False,0.59,2,26,10,2,5,0.2,front,2,1
0.15,0.44,0.82,0.72,10,100,0,10,"[85, 37, 46, 49, 79, 82, 73, 80, 85, 31]",False,0.68,5,38,8,0,0,0.43,left,12,1
0.27,0.37,0.69,0.37,9,100,0,4,"[75, 57, 65, 41]",True,0.53,5,70,2,3,4,0.43,after,13,1
0.46,0.17,0.62,0.15,10,60,0,2,"[56, 7]",True,0.87,26,64,9,0,5,0.41,right,7,1
0.46,0.56,0.91,0.48,6,80,0,10,"[71, 23, 51, 14, 89, 28, 8, 77, 57, 56]",True,0.59,4,55,2,2,1,0.07,forward,9,1
0.13,0.51,0.56,0.49,8,80,0,4,"[19, 12, 19, 23]",True,0.87,11,61,5,3,0,0.46,right,15,1
0.1,0.51,0.91,0.56,10,80,0,4,"[78, 13, 60, 25]",True,0.9,4,64,9,1,5,0.13,forward,11,1
0.3,0.07,0.91,0.64,9,120,0,4,"[7, 9, 54, 58]",False,0.93,15,33,5,0,1,0.48,right,10,1
0.28,0.43,0.79,0.27,10,120,0,3,"[12, 67, 53]",True,0.58,7,26,7,2,2,0.1,left,15,0
0.43,0.53,0.62,0.43,6,60,0,9,"[54, 39, 63, 86, 19, 46, 87, 40, 30]",False,0.77,11,51,10,1,2,0.32,after,13,1
0.21,0.22,0.73,0.21,7,50,0,6,"[7, 32, 47, 20, 85, 54]",False,0.66,9,27,1,3,0,0.06,right,14,0
0.21,0.36,0.91,0.6,10,120,0,10,"[56, 64, 59, 69, 77, 32, 88, 47, 19, 51]",False,0.83,29,48,0,0,0,0.41,front,5,1
0.33,0.06,0.74,0.54,6,60,0,3,"[5, 58, 7]",True,0.7,5,44,5,0,2,0.27,forward,0,1
0.28,0.4,0.79,0.48,8,100,0,6,"[32, 74, 73, 30, 8, 25]",False,0.77,12,33,0,2,3,0.18,left,4,0
0.14,0.11,0.69,0.77,7,120,0,8,"[30, 31, 59, 42, 29, 87, 29, 50]",True,0.97,9,58,9,3,1,0.01,right,6,1
0.18,0.36,0.69,0.33,6,60,0,4,"[75, 71, 47, 56]",True,0.99,6,23,0,2,5,0.17,forward,2,0
0.44,0.49,0.58,0.22,7,100,0,3,"[8, 8, 13]",True,0.9,27,46,6,1,3,0.11,right,13,1
0.39,0.31,0.65,0.75,8,120,0,5,"[87, 64, 23, 78, 12]",False,0.86,9,23,4,1,3,0.24,after,6,1
0.35,0.09,0.64,0.57,6,50,0,5,"[11, 89, 48, 61, 82]",False,0.84,29,46,3,1,1,0.28,forward,1,1
0.27,0.03,0.97,0.49,9,60,0,5,"[58, 22, 41, 78, 54]",True,0.71,27,31,7,3,3,0.28,after,5,0
0.17,0.4,0.6,0.27,8,80,0,2,"[60, 52]",False,0.91,17,33,4,1,1,0.46,forward,1,1
0.36,0.49,0.79,0.28,8,100,0,10,"[65, 54, 51, 22, 10, 86, 14, 50, 5, 32]",True,0.77,24,22,6,1,4,0.05,left,13,1
0.13,0.28,0.55,0.69,7,50,0,2,"[12, 74]",True,0.74,24,67,8,1,4,0.04,after,13,1
0.33,0.17,0.86,0.22,6,50,0,9,"[58, 29, 87, 18, 13, 12, 46, 71, 88]",False,0.84,2,57,3,3,2,0.25,left,0,1
0.24,0.06,0.62,0.26,10,120,0,10,"[86, 84, 86, 48, 41, 33, 38, 40, 61, 46]",True,0.72,6,24,10,2,5,0.48,forward,5,1
0.2,0.46,0.71,0.44,10,50,0,9,"[21, 29, 70, 69, 27, 39, 31, 80, 69]",True,0.69,5,39,5,1,2,0.19,forward,11,0
0.45,0.37,0.7,0.34,9,50,0,4,"[68, 14, 22, 12]",False,0.87,30,40,1,3,3,0.04,right,11,1
0.49,0.49,0.88,0.14,8,50,0,5,"[42, 60, 9, 32, 42]",True,0.95,19,27,0,2,2,0.11,front,15,1
0.25,0.54,0.56,0.31,10,60,0,6,"[18, 59, 77, 53, 65, 77]",False,0.56,8,52,8,1,4,0.46,after,0,1
0.46,0.42,0.65,0.41,6,120,0,9,"[72, 54, 63, 72, 80, 25, 67, 70, 8]",False,0.82,27,30,9,3,2,0.36,front,4,1
0.22,0.41,0.56,0.57,8,80,0,7,"[19, 65, 9, 21, 80, 60, 53]",True,0.69,26,64,2,1,3,0.37,forward,9,1
0.18,0.4,0.71,0.46,7,80,0,9,"[17, 53, 37, 60, 90, 27, 26, 36, 10]",False,0.95,28,45,0,3,1,0.31,left,11,1
0.23,0.29,0.89,0.61,10,80,0,3,"[49, 52, 25]",False,0.87,12,51,9,1,2,0.29,forward,4,1
0.24,0.15,0.76,0.62,9,60,0,2,"[87, 20]",True,0.73,16,23,0,2,1,0.23,forward,3,1
0.15,0.55,0.55,0.6,7,120,0,10,"[42, 33, 27, 51, 50, 25, 26, 27, 31, 75]",False,0.95,17,44,7,3,1,0.14,right,1,1
0.32,0.39,0.78,0.33,7,80,0,6,"[56, 83, 56, 31, 64, 37]",True,0.76,16,65,8,3,2,0.15,right,2,1
0.45,0.25,0.65,0.49,6,100,0,2,"[80, 38]",False,0.57,5,27,0,0,1,0.48,left,1,1
0.25,0.4,0.67,0.41,7,120,0,7,"[54, 28, 79, 38, 10, 70, 11]",True,0.64,14,33,2,1,3,0.24,front,13,0
0.16,0.54,0.5,0.5,6,120,0,6,"[57, 83, 23, 49, 20, 34]",False,0.95,15,34,1,0,3,0.13,front,8,1
0.14,0.53,0.5,0.59,10,100,0,2,"[66, 69]",True,0.87,28,36,2,1,0,0.13,left,7,1
0.2,0.25,0.75,0.24,10,50,0,2,"[24, 18]",True,0.61,7,46,4,1,3,0.41,left,13,1
0.15,0.28,0.81,0.74,6,100,0,3,"[51, 56, 81]",True,0.6,12,52,1,2,5,0.31,front,4,1
0.23,0.22,0.87,0.33,9,80,0,10,"[30, 79, 35, 89, 62, 61, 14, 18, 21, 14]",True,0.96,29,46,9,1,0,0.41,left,8,1
0.33,0.22,0.85,0.24,8,120,0,8,"[45, 63, 64, 15, 66, 76, 62, 18]",False,0.79,20,27,9,3,0,0.5,left,12,1
0.47,0.39,0.9,0.57,6,50,0,10,"[46, 10, 63, 32, 15, 67, 59, 48, 73, 68]",True,0.72,18,31,2,0,2,0.32,forward,11,1
0.22,0.17,0.63,0.59,8,50,0,5,"[63, 74, 70, 39, 10]",True,0.91,28,57,0,2,2,0.36,front,11,1
0.44,0.2,0.7,0.64,7,120,0,5,"[19, 65, 11, 37, 89]",True,0.67,14,38,6,3,4,0.11,front,1,1
0.13,0.42,0.56,0.4,7,80,0,10,"[63, 74, 80, 74, 45, 31, 45, 37, 31, 20]",False,0.9,9,70,7,2,4,0.27,left,11,1
0.38,0.42,0.84,0.56,7,50,0,5,"[55, 34, 49, 37, 75]",True,0.94,29,22,3,3,2,0.42,front,11,1
0.23,0.22,0.91,0.56,7,60,0,7,"[85, 34, 75, 74, 44, 42, 20]",True,0.57,7,27,2,2,5,0.31,front,15,1
0.45,0.23,0.69,0.25,6,80,0,8,"[29, 74, 86, 81, 40, 5, 59, 55]",False,0.84,14,68,6,3,4,0.33,left,15,1
0.45,0.32,0.94,0.52,6,50,0,6,"[64, 21, 67, 15, 75, 29]",True,0.5,27,40,2,2,0,0.13,front,12,1
0.13,0.24,0.52,0.43,8,120,0,10,"[45, 51, 32, 55, 43, 40, 80, 89, 41, 58]",True,0.9,2,54,5,2,0,0.4,forward,2,1
0.19,0.07,0.95,0.76,10,100,0,5,"[87, 72, 21, 48, 32]",True,0.58,6,26,6,1,2,0.06,left,11,1
0.18,0.48,0.54,0.6,6,120,0,2,"[25, 33]",False,0.7,8,50,9,2,2,0.38,after,6,1
0.16,0.33,0.9,0.15,7,60,0,9,"[77, 77, 79, 24, 42, 51, 24, 18, 29]",False,0.56,9,47,2,2,1,0.17,right,9,0
0.42,0.17,0.67,0.78,7,60,0,10,"[45, 57, 23, 42, 24, 52, 57, 23, 70, 29]",False,0.54,16,69,6,3,3,0.41,forward,8,1
0.12,0.11,0.61,0.59,10,120,0,6,"[72, 71, 69, 80, 77, 16]",True,0.66,20,52,10,1,3,0.14,front,4,0
0.26,0.51,0.89,0.45,7,80,0,10,"[51, 68, 10, 13, 17, 59, 80, 67, 13, 45]",True,0.51,5,42,0,0,5,0.12,forward,13,1
0.23,0.36,0.94,0.42,7,100,0,5,"[88, 67, 16, 50, 6]",False,0.71,24,61,2,2,1,0.09,front,3,0
0.36,0.02,0.52,0.24,10,50,0,3,"[32, 75, 30]",True,0.95,20,21,8,0,5,0.02,after,0,1
0.45,0.16,0.67,0.51,7,80,0,10,"[44, 20, 18, 5, 89, 69, 83, 82, 63, 9]",False,0.64,16,64,8,0,0,0.49,left,13,1
0.14,0.05,0.79,0.31,7,60,0,2,"[28, 9]",False,0.69,11,35,4,1,3,0.29,left,4,0
0.22,0.23,0.53,0.17,6,50,0,8,"[62, 84, 83, 48, 38, 14, 58, 30]",True,0.98,15,49,6,2,2,0.46,right,12,1
0.45,0.29,0.8,0.27,8,60,0,2,"[58, 25]",True,0.87,28,43,9,3,5,0.02,after,8,1
0.42,0.03,0.61,0.33,6,80,0,10,"[80, 74, 78, 18, 22, 58, 17, 58, 70, 61]",False,0.86,27,54,7,3,2,0.24,left,12,1
0.44,0.45,0.93,0.2,8,80,0,3,"[44, 22, 70]",True,0.88,16,21,6,0,0,0.06,front,5,1
0.14,0.56,0.54,0.42,6,50,0,4,"[65, 89, 8, 45]",False,0.66,16,50,10,0,5,0.21,forward,4,1
0.39,0.57,0.93,0.47,6,120,0,9,"[48, 86, 84, 68, 49, 61, 78, 82, 67]",True,0.7,10,51,8,1,3,0.3,right,8,1
0.4,0.18,0.74,0.2,7,80,0,3,"[70, 81, 84]",True,0.97,17,64,10,0,3,0.46,forward,10,1
0.48,0.15,0.77,0.75,10,100,0,9,"[39, 81, 58, 37, 18, 62, 77, 39, 22]",True,0.56,13,65,9,1,0,0.06,front,10,1
0.36,0.53,0.62,0.19,8,60,0,10,"[38, 43, 11, 31, 9, 65, 68, 16, 62, 33]",False,0.83,7,28,4,1,2,0.05,left,2,1
0.26,0.15,0.52,0.77,6,120,0,10,"[29, 27, 59, 29, 80, 46, 25, 66, 66, 33]",False,0.88,16,63,9,2,5,0.03,after,13,1
0.27,0.2,0.85,0.41,8,60,0,9,"[38, 75, 7, 26, 41, 76, 16, 53, 52]",False,0.76,13,62,5,1,1,0.29,left,1,0
0.34,0.4,0.81,0.52,10,80,0,6,"[64, 23, 61, 29, 61, 68]",True,0.51,26,67,9,3,0,0.28,after,8,1
0.39,0.55,0.66,0.71,9,50,0,4,"[51, 80, 43, 50]",True,0.88,21,49,1,3,3,0.1,forward,13,1
0.41,0.26,0.61,0.31,7,120,0,2,"[73, 71]",False,0.94,14,51,2,3,3,0.12,after,1,1
0.35,0.04,0.8,0.64,6,50,0,9,"[59, 34, 43, 16, 54, 45, 14, 47, 31]",False,0.75,4,70,4,2,4,0.07,forward,8,1
0.27,0.27,0.68,0.77,9,80,0,5,"[8, 43, 45, 26, 65]",False,0.64,11,18,10,1,1,0.49,front,6,1
0.35,0.33,0.76,0.24,10,80,0,9,"[51, 81, 7, 82, 21, 73, 72, 56, 25]",True,0.72,21,36,7,3,1,0.19,left,2,1
0.31,0.05,0.55,0.34,6,120,0,10,"[83, 16, 12, 82, 71, 52, 17, 26, 26, 23]",False,0.65,1,33,1,0,0,0.44,forward,0,1
0.31,0.21,0.51,0.43,10,120,0,6,"[39, 30, 47, 39, 16, 36]",False,0.95,16,61,5,2,5,0.22,after,13,1
0.48,0.31,0.94,0.66,10,100,0,3,"[15, 89, 24]",False,0.89,3,62,4,2,2,0.12,front,8,1
0.4,0.59,0.51,0.76,10,100,0,6,"[60, 20, 49, 5, 45, 12]",False,0.78,4,49,2,2,1,0.19,after,14,1
0.44,0.53,0.87,0.63,10,80,0,2,"[44, 44]",True,0.82,6,52,2,3,5,0.13,after,6,1
0.36,0.19,0.5,0.66,8,50,0,7,"[15, 5, 80, 34, 48, 32, 23]",True,0.91,8,28,1,2,4,0.47,front,3,1
0.3,0.16,0.92,0.1,7,120,0,10,"[39, 60, 63, 56, 14, 15, 33, 36, 18, 29]",True,0.51,2,70,1,2,0,0.36,forward,2,1
0.22,0.51,0.54,0.16,7,100,0,4,"[78, 43, 77, 61]",False,0.82,22,43,5,3,4,0.1,after,0,1
0.1,0.5,0.6,0.28,6,100,0,8,"[18, 83, 13, 57, 39, 14, 75, 75]",True,0.51,18,57,3,2,5,0.18,front,8,0
0.14,0.48,0.61,0.36,6,100,0,9,"[55, 40, 90, 61, 23, 43, 17, 59, 64]",True,0.72,5,48,1,0,0,0.4,after,14,1
0.48,0.0,0.64,0.38,8,60,0,4,"[22, 90, 44, 14]",True,0.64,25,22,8,2,2,0.25,forward,12,1